sa6rZjJ43Js,The Small Faces - All Or Nothing (1966),Beat-Club
DlnE2vNqpTw,Don Williams - Tulsa time (+lyrics),RomyEnTamara
jqpAgMxhx30,Leona Lewis - Run (Official Video),leonalewis
ZPNqub966Tw,Stephanie Mabey - The Zombie Song (Lyric Video),Stephanie Mabey
cI8IO1R7Y-E,cornell campbell - sun stop shining,luke
QBPE2fZsVYU,OneRepublic - West Coast (Official Music Video),OneRepublic
unuE4W-WKeU,The Final Countdown - Vintage Reggae Café 2 - Groove Da Praia- HQ,Music Brokers
iX-QaNzd-0Y,Milky Chance - Stolen Dance (Official 4K Music Video),Milky Chance Official
u1V8YRJnr4Q,Creedence Clearwater Revival - Have You Ever Seen The Rain (Official),Creedence Clearwater Revival
CZfCtLMNQTE,Serendipity or Fate,Janice Kenney
x-qDdaplq8c,Besándote (Remastered 2001),Los Auténticos Decadentes
s37x2VSZrLw,The Weeknd & Ariana Grande – Save Your Tears (Live on The 2021 iHeart Radio Music Awards),The Weeknd
ih4zwp-0GeQ,The Honeybus - I Can't Let Maggie Go,Tinto Retto
4sXPkLfCzUQ,John Lennon - imagine - Connie Talbot with Kipper Eldridge,ConnieTalbotOfficial
3r-qDvD3F3c,There Is a Light That Never Goes Out (2011 Remaster),The Smiths - Topic
FK461PgRcPo,You Don't Have To Let Go (Album Version),Jessica Simpson
3O4J4DH4tyo,Jealous Guy (Remastered 2010),johnlennon
SzBJQnD7TRM,Stereophonics - Dakota,Stereophonics Official
WO4DMK6Qd7M,The Damned - Eloise (Single Version),TheXaviVampireskiss
xaqNFoTvRBs,This Will Make Me Happy,Studio Group - Topic
MHCPfs6EGCA,Imagine - Jack Johnson,Christian Goudy
E8b4xYbEugo,"Big Data - Dangerous (feat. Joywave)"" [Official Music Video]""",BIG DATA
l6IyI0wLegw,Erasure - Oh L'Amour (Remix) (HD) 1986,TheEsacitsuj1
217CdX7Z2tM,Fischerspooner - Emerge,Bloo Music
Hb-iP6G7IhY,It's Never Enough,Audiodub - Topic
a2c_I9ZmE4E,"Lullabye (Goodnight, My Angel) - Zoey's Extraordinary Playlist (Full Version)",Zoey's Extraordinary Playlist
mGjg_MMMhRU,Niko B - Who's That What's That,Niko B
BPX8H6tE_iA,Class Actress - Journal of Ardency,TERRIBLE RECORDS
1k8craCGpgs,Journey - Don't Stop Believin' (Official Audio),journey
gqvJd2VhqTQ,McFly - Tonight is The Night (Official Video),Official McFly
4ytX3IaFHGk,Bobby Womack - California Dreaming,A7fr3d
8VThm5QvP1M,Perfidia (Remastered),lospanchostv
6Mj776YiPCU,Paris Hilton - Stars Are Blind (Official Music Video) | Paris Hilton,Paris Hilton
Bol6PsSSgRU,정승환 (Jung Seung Hwan) - Day & Night Start Up OST Part 2 [스타트업 OST Part.2] Lyrics/가사 [Han|Rom|Eng],AlphaSubs
DQ5CINIUeSw,"LYn, HANHAE - LOVE (Are You Human OST Part.2) Easy Lyrics",Yuni da
djnWgFeGrYM,My Past,Park Se Jun - Topic
oiNkumxPVzU,RED VELVET - 'FUTURE' (미래) [Start-Up OST Part.1] Lyrics [Color Coded_Han_Rom_Eng],Zaty Farhani
bIoBFbRZUSg,She's A Star,WeAreJamesTV
6RvG5bJsu5Q,PAPER LACE - Billy Don´t Be A Hero (1974) -HQ video-,Bertierocks1
XXYlFuWEuKI,The Weeknd - Save Your Tears (Official Music Video),The Weeknd
s3XGBjcICSQ,Talking to the Moon,Bruno Mars
MMeATrAb4Xo,Love Love Letter,Park Se Jun - Topic
q-wGMlSuX_c,Lily Allen | The Fear (Official Video - Explicit Version),Lily Allen
V9NhncU5_CE,Razorlight - America (Official video),Razorlight
_Pts0jqX-yY,Supertramp - Take The Long Way Home (Official Audio),Supertramp 
OsRAFk5b8-s,Dimelo,Rak-Su
NSXQWj0HEBE,"DAVID GRAY - Say Hello, Wave Goodbye (Official Audio)",David Gray
ZFjfa_RB6Pc,The Divine Comedy - Something For The Weekend,The Divine Comedy (Official)
rhJZrRV5YKo,Bauhaus - Ziggy Stardust HD,Beggars Banquet Records
j-_1-uJ6Ml4,Leona Lewis - One More Sleep (Official Video),leonalewis
NNjrBUzXDJk,Electric Light Orchestra - Sweet Talkin' Woman (Audio),ELO
FmJ1AqtTuyo,The Toys .......A Lovers Concerto,JansLoveShack
rsExj_0IHEs,"Dave Dee,  Dozy, Beaky, Mick & Tich - The Legend Of Xanadu - HQ",HappyDuckk
d0LeL9BUPtA,Morrissey - Everyday Is Like Sunday,Morrissey
b0l3QWUXVho,NICK LOWE - CRUEL TO BE KIND - HQ Best Version. New Audio.,StiffRecordsLtd
VI53G_D5Dbw,Anything Box - Living In Oblivion (St. James Club Mix),Anything Box
s5pNyUFXt48,Depeche Mode - Just Can't Get Enough [Schizo Mix],TheJimbonjovi
P1OjD1dtNB4,No Mercy - Please Don't Go,Pop Unlimited
o2jh7N7Fldk,Irene Cara - Fame 1980 (VHS 1982 Edit),DiscoBar80
SQXqkiKXiHc,"The Paragons - The Tide Is High"" (Official Audio)""",Trojan Records Official
26PAgklYYvo,James Morrison - Broken Strings ft. Nelly Furtado,James Morrison
OqcDG_xLWPY,Edison Lighthouse “Love Grows”,RealSeth
hMjwb13TFCo,I Hear You Knocking,Dave Edmunds - Topic
jSZQgIyQRhk,Sarah Brightman & Hot Gossip - I Lost My Heart To a Starship Trooper (1979),Musikladen
5fgA_yNCeq4,Clout - Substitute • TopPop,TopPop
2Evn9MiIuqM,Biffy Clyro - The Captain (Official Music Video),Biffy Clyro
w-l5FyA3pgo,KC & The Sunshine Band - Please don't go (hi quality sound),mikoozzy
MhRXOOc_p-0,Zella Day - You Sexy Thing (Official Music Video),Zella Day
5gJczNgooKY,MEGA FAZ A POSE | DJ FEDRIZZI,DJ Fedrizzi
MeMS8SuHPs0,The Marmalade - Rainbow,dergoes
GEnx9xS79Lc,Kraftwerk - The Model (official video),Oxygene 80
bYMVs-0f9PI,Time To Dance (Extended Version),THE SHOES
bLpmj059JFA,The Pretenders - I'll Stand By You,This Is Music!
aqUYPgYcgDQ,Christie - Yellow River (Official Video),ChristieVEVO
TyFAnA9oPRE,Lulu - The Man Who Sold The World (1974),MrHaggis64
qgDKtLPp46s,Flying Pickets - Only You,LotharZ
aw9mEFn38to,The Stranglers - Skin Deep,stranglersofficial
zreTvtpTeoU,Gloria Gaynor - I Am What I Am.,JOB do Brasil
m20BTdy9FGI,Olly Murs - Dear Darlin',Olly Murs
PDCeGZ3n8jY,Bizarre Love Triangle (Extended Dance Mix),New Order
b0YuQVqAArg,Seori - Wicked (Lyrics) (From Remarriage and Desires),Authentic Music
_W44NZvHc9I,Empire State of Mind (Part II) Broken Down,Alicia Keys
sa3l3Ei0tdg,Girls Talk,Dave Edmunds - Topic
kVpv8-5XWOI,"Train - Hey, Soul Sister (Official Video)",Train
kUI_P5eMVLo,Patsy Gallant - From New York To LA (Official Music Video),UnidiscMusic
JWdZEumNRmI,Air Supply - All Out Of Love (Official HD Video),Air Supply
#NAME?,Sammy Davis Jr - Mr. Bojangles (Live in Germany 1985),SammyDavisJrVEVO
wqPlb5PLBvg,The Who - You Better You Bet (Promo Video),TheWho
Oextk-If8HQ,Keane - Somewhere Only We Know (Official Music Video),Keane
Fy_jSSJOAjQ,Tom Petty & The Heartbreakers - American Girl (Live Aid 1985),Live Aid
4MyJHh451Y4,Mott The Hoople - Roll Away The Stone (1974) HD 0815007,Emma0815007
xGxhECBbw08,White Room,Cream - Band
5f13jrjaekY,Stereophonics - Hurry Up And Wait (Official Music Video),Stereophonics Official
425GpjTSlS4,The Marvelettes - Please Mr. Postman (1961),ticktock70
A0qm8nq8RcA,Linda Ronstadt - Long Long Time,santadude
zpOULjyy-n8,REO Speedwagon - Can't Fight This Feeling (Official HD Video),REO Speedwagon
JOVQ4vAmM7Y,Lulu - To Sir With Love,45RPMbyJME 
1f3o7OcYRIU,The Equals - Baby Come Back - 1968,Brian Hucek
JjqBlp6hLv4,Ninho - Carolina (Clip Officiel - REDVOLUTION),Ninho
Yf_Lwe6p-Cg,Wham! - Everything She Wants (Official Video),WHAM!
6dYWe1c3OyU,Gloria Gaynor - I Will Survive,Gloria Gaynor
bbr60I0u2Ng,The Knack - My Sharona,TheKnackVEVO
HgzGwKwLmgM,Queen - Don't Stop Me Now (Official Video Remastered 4K),Queen Official
KQetemT1sWc,The Beatles - Here Comes The Sun (2019 Mix),The Beatles
FH8Y6nN7N1E,Alison Moyet - Only You (with lyrics),inblue40
AOBs8dU4Pb8,Snow Patrol - Run (Official Video),Snow Patrol
dVNdTXEJv1A,All Saints - Pure Shores (Official Music Video),RHINO
EBt_88nxG4c,P!NK - Beautiful Trauma (Official Video),P!NK
DS_e7Yt9VMk,Amason - I Want To Know What Love Is (Official Video) -,Amason
rywUS-ohqeE,Alicia Keys - No One (Official Music Video),Alicia Keys
a_XgQhMPeEQ,Billy Joel - The Longest Time (Official HD Video),Billy Joel
zYshOUHO860,Jan Johansen....Se på mig....(1995) Swedish Music....Full Screen....,MrAydin & TIPPMUSIC
ILWSp0m9G2U,Irene Cara  - Flashdance What A Feeling (Official Music Video),UnidiscMusic
Zx4Hjq6KwO0,Keane - Everybody's Changing (Alternate Version),Keane
w3fRBzRngdc,You Ain't Seen Nothing Yet,Bachman-Turner Overdrive - Topic
tv49bC5xGVY,"Robbie Williams, Gary Barlow - Shame",Robbie Williams
fWNaR-rxAic,Carly Rae Jepsen - Call Me Maybe,Carly Rae Jepsen
XKuJUxGntRI,Amii Stewart - Knock On Wood (Official HD Video),Amii Stewart (Official)
cxY2pgQoomw,Underground Gang,Zrust dBe - Topic
J3UjJ4wKLkg,Rihanna - Take A Bow,Rihanna
B4c_SkROzzo,Matthew Wilder - Break My Stride (Audio),Matthew Wilder
LJ-VV50rBw4,Mark Wynter  -  Image Of A Girl,jim rackitts
TGwZ7MNtBFU,Gwen Stefani - Cool (Official Music Video),Gwen Stefani
Hrm95jxEFUY,I Can See Clearly Now,Sorcha Richardson
D7OVZ-CgMwM,Yazoo - Only you lyrics,Josiah McBeth
OzAWFCQGqlg,Sorcha Richardson - Ruin Your Night (Official Audio),Sorcha Richardson
zyx48F3Cf48,Labi Siffre : It Must Be Love TOTP 1971,Off The Turntable Music Archive
Dp43iM3Y5Hw,Ween - She's Your Baby,Paul
T9gMsdNQSUM,Nina Simone - Here Comes the Sun (Audio),Nina Simone
DcHKOC64KnE,Queens Of The Stone Age - Go With The Flow (Official Music Video),Queens Of The Stone Age
vRFo72wuU6w,Norman Greenbaum - Spirit In The Sky  (1970),Polydor 1000
COy_JKXtzvE,Feeder - Buck Rogers (Official HD Video),Feeder
rFP5hqVOzN8,Utah Saints - What Can You Do For Me (Original Mix),Utah Saints
#NAME?,Marianne Faithfull - As Tears Go By (Official Lyric Video),Marianne Faithfull
HTzGMEfbnAw,Juice Newton - Angel Of The Morning (Official Music Video),JuiceNewtonVEVO
w5lAY6oO8YE,First of the Gang to Die,Morrissey
h4y8WGOJu_c,Nick Drake -  Cello Song,SaturdaySonLiamStewart
mcMh6GZoFC8,A Flock Of Seagulls - Space Age Love Song 1982,Jean Rachfal
AWpsOqh8q0M,Beyoncé - If I Were A Boy,Beyoncé
wmDxJrggie8,Luther Vandross - Dance With My Father (Official Video),Luther Vandross
qbk9oVvDmXs,Cody Crump - I Guess You Get What's Coming,Cody Crump
5FcfXhhoz2c,Erasure - Chains Of Love (The Unfettered Mix),RETROREMIXES1
NTpbbQUBbuo,Hozier - Too Sweet (Official Video),Hozier
u86VdOc3asA,Keane - This Is The Last Time (Official Music Video),Keane
G7KNmW9a75Y,Miley Cyrus - Flowers (Official Video),MILEY
b00RCluE5RM,Teddy Swims - The Door (Live),Teddy Swims
SgnjwUMPCgA,Paul Carrack When You Walk In The Room,lovinthe80s1
DWoyD5gtlWs,Sha Na Na/Johnny Contardo - Those Magic Changes,faerydancer
9wxI4KK9ZYo,Lou Reed - Perfect Day (Official Audio),Lou Reed
bMCSbRLAheg,Nick Heyward - Blue Hat For A Blue Day,Nick Heyward
9xHQsMYosao,Dionne Warwick - Heartbreaker (Official Video),Dionne Warwick
_Mc_OM5oNA8,AURORA - The Seed,AURORA
BUfcT5OoP-8,Tears For Fears - Pale Shelter,Tears For Fears
tMDFv5m18Pw,Ozzy Osbourne - Crazy Train (Official Animated Video),Ozzy Osbourne
xDeX1M39JeE,Mark Ursa & Softmal - Back to Black,mark ursa
lW0G11NQJ4A,Midnight Reverie,Max Ceddo
zQOrLamT0n4,I Think I Need A New Heart - The Magnetic Fields,17caramelos
QIvzPoA-Vq0,Red Hot Chilli Pipers - Don't Stop Believing,garyplayspiano
oL4iDuzOCUM,Amy Macdonald - Don't Tell Me That It's Over (Official Video),Amy Macdonald
PSddD6w5SKc,Under the Boardwalk,The Drifters - Topic
o4qsjmLxhow,The Strokes - The Adults Are Talking (Official Audio),The Strokes
xuk1EPiMA9w,Miley Cyrus - Flowers (Lyrics),Justified Melody
8VcONCM0BzY,Righteously - Anna Ash,Anna Ash
v2Zpt-puOOg,Becky Hill - Forever Young (From The McDonald's Christmas Advert 2020),Becky Hill Official
sTxzmLyVFYY,Manfred Mann - Pretty Flamingo,ggarlick46
hN5X4kGhAtU,Empire Of The Sun - We Are The People (Official Music Video),Empire Of The Sun
tKYjUn-SBcg,Our House,"Crosby, Stills & Nash"
qUE4oDunYkc,Supergrass - Alright (Official 4K Video),Supergrass
h3JFEfdK_Ls,Billy Joel - My Life (Official Video),Billy Joel
GR3Liudev18,Chappell Roan - Pink Pony Club (Official Music Video),Chappell Roan
W0Iw57W8fFA,Freefall,Raymond Revel - Topic
erG5rgNYSdk,Weezer - Island In The Sun (Official Music Video),weezer
uZQR3KqvYPc,We've Got Tonight,Bob Seger
V9PVRfjEBTI,Billie Eilish - BIRDS OF A FEATHER (Official Music Video),Billie Eilish
2wyv52Ahry0,"Urban Cookie Collective - The Key, The Secret (Official HD Music Video)",DemonMusicGroup
mtu5XPpKLAI,Becky Hill - Only You (Official Video),Becky Hill Official
4NUfjBbyFPg,The Divine Comedy - Tonight we fly (Live),elbioubiou
nnQ2zOmb6Hg,Propaganda - Duel,PropagandaVEVO
DRpV0GePYeM,Kenny Rogers - Coward Of The County (Audio),Kenny Rogers
AJtDXIazrMo,Ellie Goulding - Love Me Like You Do (Official Video),Ellie Goulding
e80qhyovOnA,Mike Oldfield - Moonlight Shadow ft. Maggie Reilly,Mike Oldfield
0trh9Y598fM,James - Laid (Version 3),WeAreJamesTV
Pgum6OT_VH8,Muse - Starlight [Official Music Video],Muse
X_bFO1SNRZg,Ladyhawke - My Delirium (Official Video),Ladyhawke
Jt4FwLRSAdM,Charlie Landsborough - You Were Always On My Mind,ame746
Cx3QmqV2pHg,Billy Joel - She's Always a Woman (Official Audio),Billy Joel
Ou96vLl--e4,Hazel O'Connor - Will You?,Peter Dabinett
uAOR6ib95kQ,Gorillaz - DARE (Official Video),Gorillaz
GhCXAiNz9Jo,Franz Ferdinand - Take Me Out (Official Video),Domino Recording Co.
QQLWF_ItzYs,Neil Diamond - Forever in Blue Jeans (Stereo!),NeilDiamondChannel
eocCPDxKq1o,P!nk - Please Don't Leave Me (Official Video),P!NK
bo_efYhYU2A,"Lady Gaga, Bradley Cooper - Shallow (from A Star Is Born) (Official Music Video)",Lady Gaga
MGemtjVtfZM,Neil Diamond Cracklin Rosie 1970,Kathleen Mosley
usYgf8cVfvU,UB40 - One in Ten,UB40
YIHzXiM6iV8,Revolution,Jools Holland
ZCqhX89WV_0,Johnny Mathis - When a Child Is Born (from Home for Christmas),Johnny Mathis
92cwKCU8Z5c,ABBA - The Winner Takes It All,ABBA
u-pP_dCenJA,Elvis Presley - If I Can Dream ('68 Comeback Special),Elvis Presley
zzkTTA0YQe4,Bad Manners - Lorraine 1980 Video,billyidol68
DCtDAAPO-j4,DONNA SUMMER - This Time I Know It's For Real  / / HD--16:9 / /,Stavros M
IVEATF7VNTk,Leaving on a Jet Plane-PETER PAUL n MARY,Anjan Chakraborty
ZCOSPtyZAPA,The Cult - She Sells Sanctuary HD,Beggars Banquet Records
0-koDeqLulg,"Jack Savoretti feat. Sienna Miller Video Hate & Love""""",Jack Savoretti
tPgf_btTFlc,Pixies - Here Comes Your Man (Official Video),4AD
wcKsxHURj24,"Belle and Sebastian - Get Me Away from Here, I'm Dying",Jeepster Recordings
1B__8N5d_LA,Duran Duran - The Chauffeur (Official Music Video),Duran Duran
95hVxghqHPM,El Mató A Un Policía Motorizado - El Magnetismo (Official Music Video),Nacional Records
MsAAbvwsvK4,Gloria Trevi - Todos Me Miran (Videoclip Oficial),GloriaTrevi
tjpgJjdk52c,Wet Leg - Wet Dream (Official Video),Wet Leg
sMWEujABpIU,R.E.M. - Losing My Religion for cello and piano (COVER),GnuS Cello
t3ZXARu-lgw,Peligrosa,Murci Bouscayrol - Topic
riVZif0zt2Y,Willie Nelson - Bridge over troubled water,bunjcuz
3pIr6Hg02lE,Orla Gartland - 'The Power' (from the 'Trying' S5 soundtrack),Orla Gartland
LDgs7ERjC7A,Gareth Gates - Spirit In The Sky (Wiith Special Guests 'The Kumars'),GarethGatesOfficial
tbad22CKlB4,Breakin' Up Is Hard To Do - Neil Sedaka,Conkyjoe
L0QAxIKf8G4,Erma Franklin - Piece of My Heart (Official Video),ErmaFranklinVEVO
IO2HO0-kzgg,Eddie Lovette Sad Songs Say So Much,dakolohe1
rH9AriEezeI,Paul Kalkbrenner - Feed Your Head (Official Music Video),Paul Kalkbrenner
KUwjNBjqR-c,Cats In The Cradle-Harry Chapin,ETWETWFANS
jlFXhigvTvM,Jet Airliner | Steve Miller Band,drew
VU2M25clzuU,Derrick Morgan 'Moon Hop' (official audio),Trojan Records Official
uSD4vsh1zDA,The Black Eyed Peas - I Gotta Feeling (Official Music Video),Black Eyed Peas
XFkzRNyygfk,Radiohead - Creep,Radiohead
iWG6apzIWAk,Noah Kahan - Stick Season (Lyric Video),Noah Kahan
qJS3xnD7Mus,Pulp - Disco 2000,Pulp
6V2_ErOFM88,Candle in the Wind,Acker Bilk - Topic
ryH5cga0yUI,Kate Nash - Foundations,Kate Nash
Qh9-W7UKdlo,Wait And See,Stiff Little Fingers
X_03zMFBe0s,Mr Fire Coal Man,Stiff Little Fingers
wT9eQ2smjUM,The Skids - The Saints Are Coming,thecatkeaton
_6FBfAQ-NDE,Depeche Mode - Just Can't Get Enough (Official Video),Depeche Mode
dnfbMdx0PAo,Bobby Sheen - Dr. Love,brico
u4jBSc1uxx8,Nina Simone   Mr Bojangles,TheSoniaful
kUUA0Fdw_6Q,Department S - Is Vic There (Remastered),Memory Lane
CrEc81sJaDU,UB40 - Come Back Darling,UB40
UWOd1N-njlc,Erasure - It Doesn't Have To Be (Official HD Video),Erasure (Official)
9G2lqY3Nuk0,David Essex - Hold me close 1975,fritz51302
RQciegmLPAo,Squeeze - Up The Junction,Squeeze
-0WNbm1jz6A,Tubeway Army / Gary Numan -  Are 'Friends' Electric? 1979,garycee
2WN0T-Ee3q4,Limahl - Never Ending Story (Official Music Video),RHINO
8fwOC8CQwQs,The Beautiful South - I'll Sail this Ship Alone [single version],QIIQ MOODS
B4dl6JSf-bc,Commodores - Three Times A Lady [Live],TheSoulKings
lEmhfcoMiDo,5 8 6 (2015 Remaster),New Order
AQOlwMKpmvQ,Crowded House - Better Be Home Soon (Official Video),Crowded House
r3kQlzOi27M,The Go-Go's - Our Lips Are Sealed,Official GoGos
uQFjavLR52Q,David Guetta - Baby When The Light (Official Video),David Guetta
YhsTB4rq1XU,Lionel Richie - Stuck On You (Lyrics),Rewind Music Group
0M8gAhdemzY,Nick Straker Band (HD) A Walk In The Park,only1080p
MJtyWksh3K0,Marc Almond & Bronski Beat - I Feel Love,Marc Almond
cgZ-IFZFNmk,Darts - Let's Hang On,toulousedart
ZIsp_AA2ElA,Darts - Duke of Earl,Adie D
WbrSLLv0AlA,Will Young - Leave Right Now,Will Young